Year,Country,Emigrants,International migrants,Net migration,Net migration rate,Population,relative migration,relative migration net,Inmigrants,Inflation,PBI,Female population,Female population aged 20 to 29 years,Female population aged 30 to 39 years,Female population aged 40 to 49 years,Female population aged 50 to 59 years,Female population aged 60 to 69 years,Male population,Male population aged 20 to 29 years,Male population aged 30 to 39 years,Male population aged 40 to 49 years,Male population aged 50 to 59 years,Male population aged 60 to 69 years,Population aged 20 to 29 years,Population aged 30 to 39 years,Population aged 40 to 49 years,Population aged 50 to 59 years,Population aged 60 to 69 years,Returns by origin,Returns by host,Inverse Inflation,Region
1990,Argentina,430155.0,1649919.0,160000.0,1.019,32637658,0.0131797140591399,0.0049023125372537,590155.0,2313.96,-2.46721377810472,16574139,2402180,2179696,1854616,1487011,1271987,16063518,2442821,2185065,1803790,1398692,1052827,4844999,4364763,3658407,2885702,2324813,77,2,-2213.96,South America
1995,Argentina,481968.0,1595069.0,-105000.0,-0.623,34946116,0.0137917472717139,-0.0030046257501119,376968.0,3.38,-2.84520961057079,17725496,2627136,2267300,2015137,1596303,1326898,17220604,2669714,2283855,1976592,1495733,1122336,5296853,4551158,3991734,3092037,2449235,89,3,96.62,South America
2000,Argentina,555542.0,1540219.0,-128000.0,-0.714,37070772,0.0149859841062926,-0.0034528549877515,427542.0,-0.94,-0.78899893905691,18790032,2957242,2363425,2125283,1767910,1352177,18280754,3036514,2383544,2100097,1658618,1163545,5993757,4746971,4225378,3426527,2515723,57,9,100.94,South America
2005,Argentina,805291.0,1674163.0,-125000.0,-0.66,39070504,0.020611226310262,-0.0031993444466444,680291.0,9.64,8.85165992013437,19791350,3148745,2580417,2213494,1924866,1458132,19279144,3258992,2602666,2199919,1823150,1256212,6407735,5183083,4413415,3748014,2714346,40,12,90.36,South America
2010,Argentina,938639.0,1805957.0,-120000.0,-0.602,41100124,0.0228378629709243,-0.0029196992203721,818639.0,10.78,10.1253981561002,20791630,3218134,2906586,2311134,2041100,1625737,20308494,3338457,2966829,2304458,1954009,1413312,6556591,5873413,4615592,3995110,3039048,41,4,89.22,South America
2015,Argentina,943843.0,2086301.0,30000.0,0.143,43257064,0.0218193957870094,0.0006935283448733,973843.0,11.9,2.73115982828944,21854740,3353598,3116044,2536784,2137749,1779244,21402326,3493734,3207403,2532476,2065307,1567496,6847333,6323446,5069262,4203057,3346741,32,3,88.1,South America
2020,Argentina,1076148.0,2281728.0,24000.0,0.109,45036030,0.023895267855537,0.00053290665274,1100148.0,42.02,-9.94323513446069,22739028,3431394,3204566,2871541,2240403,1894335,22297002,3581129,3305020,2902637,2173048,1687651,7012522,6509587,5774179,4413449,3581987,73,4,57.98,South America
1990,Barbados,84766.0,24024.0,-6311.0,-4.881,258871,0.3274449436205677,-0.0243789377720949,78455.0,3.07,-3.30759330759331,134382,23735,21994,13703,10249,9827,124508,23686,20700,12716,8400,7499,47422,42694,26417,18647,17322,0,0,96.93,Caribbean
1995,Barbados,89612.0,26224.0,-5393.0,-4.094,262309,0.3416276223842872,-0.0205597215497752,84219.0,1.88,2.01399800028568,136371,22152,23648,17374,10998,9857,125961,22171,22197,16209,9307,7537,44321,45843,33580,20302,17393,0,0,98.12,Caribbean
2000,Barbados,94998.0,28424.0,-3643.0,-2.711,264663,0.3589394815293411,-0.0137646743216845,91355.0,2.44,4.44718962322422,137803,20331,22478,20521,13071,10125,126876,20137,21120,18675,11604,7954,40469,43599,39193,24677,18078,0,0,97.56,Caribbean
2005,Barbados,92975.0,30624.0,-3188.0,-2.328,269489,0.3450048053909436,-0.0118297963924316,89787.0,6.08,3.95545760352627,140665,19574,21299,22415,16404,10539,128837,18997,20072,20055,14731,8551,38574,41372,42472,31134,19086,1,0,93.92,Caribbean
2010,Barbados,96193.0,32825.0,-249.0,-0.178,274717,0.3501530666103663,-0.0009063873003854,95944.0,5.82,-2.36516470308347,143683,19411,20433,21788,19377,12549,131060,18642,18895,19461,17016,10617,38051,39325,41250,36390,23165,1,0,94.18,Caribbean
2015,Barbados,101879.0,34475.0,-397.0,-0.28,278095,0.3663460328305075,-0.001427569715385,101482.0,-1.11,2.47261987248125,145090,18808,19611,20974,21387,15287,133023,18416,18307,19111,18537,13063,37224,37919,40083,39921,28348,1,0,101.11,Caribbean
2020,Barbados,99611.0,34869.0,-397.0,-0.277,280704,0.3548613486092111,-0.0014143011855905,99214.0,4.5,-13.3110215258234,146177,18564,19138,20038,21023,18230,134539,18483,18197,18361,18460,15343,37046,37336,38397,39484,33571,1,0,95.5,Caribbean
1990,Bolivia,224693.0,73758.0,-64260.0,-1.971,7096195,0.0316638705672547,-0.0090555572387737,160433.0,17.12,4.6357874278518,3547151,580751,418224,313524,217348,146753,3549045,590417,414209,304967,203338,126720,1171169,832436,618491,420687,273472,225,1,82.88,South America
1995,Bolivia,283540.0,83598.0,-51670.0,-1.427,7841471,0.0361590318959287,-0.0065893248855986,231870.0,10.19,4.67827659709971,3901216,639712,464720,337160,242275,171075,3940270,657000,470968,334601,234610,152044,1296712,935685,671759,476885,323117,183,1,89.81,South America
2000,Bolivia,344702.0,92658.0,-64330.0,-1.604,8592656,0.0401158850069175,-0.0074866257883476,280372.0,4.61,2.50781080899483,4252819,706373,513616,366783,268321,190122,4339851,726900,533902,376674,270090,176020,1433273,1047517,743456,538411,366138,53,1,95.39,South America
2005,Bolivia,543766.0,107745.0,-77720.0,-1.761,9377395,0.0579868929484147,-0.008288016021507,466046.0,5.39,4.42143312687979,4645405,793883,582361,424774,295163,205424,4731991,815427,602638,436336,295062,192431,1609314,1184996,861108,590224,397854,22,2,94.61,South America
2010,Bolivia,779961.0,122846.0,-67700.0,-1.404,10223277,0.076292660367121,-0.006622142782593,712261.0,2.5,4.1267225910567,5071903,899701,667944,484791,337874,229463,5151371,927560,681643,498001,335882,212592,1827261,1349585,982793,673756,442056,15,1,97.5,South America
2015,Bolivia,824008.0,143008.0,-57620.0,-1.102,11090090,0.0743012906117082,-0.0051956296116623,766388.0,4.06,4.85718730035796,5511478,1002656,760452,555533,395753,255227,5578615,1032988,773511,566654,391855,232792,2035643,1533963,1122187,787609,488019,79,1,95.94,South America
2020,Bolivia,927244.0,164121.0,-47520.0,-0.843,11936169,0.0776835515649954,-0.0039811768750928,879724.0,0.94,-8.73788443399144,5943894,1067689,869310,641325,453468,293441,5992278,1096749,887506,644698,448064,264596,2164435,1756817,1286023,901533,558038,21,4,99.06,South America
1990,Brazil,491359.0,798517.0,0.0,0.0,150706450,0.0032603714041436,0.0,491359.0,2947.73,-4.35000000000022,75779990,13666397,10685793,7127201,5091302,3367682,74926450,13589925,10372272,6860448,4683118,3038130,27256320,21058064,13987649,9774424,6405811,1400,10,-2847.73,South America
1995,Brazil,730491.0,741557.0,0.0,0.0,163515330,0.0044674159909043,0.0,730491.0,66.01,4.22379363350413,82360140,14406284,12316058,8678401,5738794,3990080,81155180,14358193,11977702,8233412,5415461,3447105,28764476,24293760,16911812,11154255,7437183,881,10,33.989999999999995,South America
2000,Brazil,940458.0,684596.0,0.0,0.0,175873710,0.0053473483899327,0.0,940458.0,7.04,4.38794944745618,88749384,15605461,13403869,10388006,6765410,4559958,87124340,15602242,13061342,9854506,6303619,3958122,31207702,26465212,20242510,13069024,8518080,815,4,92.96,South America
2005,Brazil,1194575.0,638582.0,0.0,0.0,186797340,0.006395032177653,0.0,1194575.0,6.87,3.20213206130431,94515640,17009370,14176875,12023907,8297595,5203751,92281704,17094168,13840259,11409183,7573293,4597412,34103536,28017132,23433088,15870890,9801165,810,4,93.13,South America
2010,Brazil,1495404.0,592640.0,0.0,0.0,196353500,0.0076158764676972,0.0,1495404.0,5.04,7.52822581815364,99546664,17525176,15392426,13127116,9993500,6188082,96806824,17736140,15090750,12483774,9100718,5377565,35261310,30483178,25610892,19094220,11565649,496,1,94.96,South America
2015,Brazil,1504231.0,710304.0,15924.0,0.016,205188210,0.0073309816387598,7.760679816837429e-05,1520155.0,9.03,-3.54576339269425,104179510,17160594,16829820,13922592,11613012,7650429,101008690,17470884,16638434,13293918,10606568,6513953,34631476,33468252,27216508,22219580,14164385,578,1,90.97,South America
2020,Brazil,1897128.0,1079708.0,106000.0,0.102,213196300,0.008898503398042,0.0004971943696959,2003128.0,3.21,-3.87867633397198,108417016,16896326,17439840,15180944,12726561,9286161,104779280,17279864,17407594,14588106,11673016,7880943,34176188,34847430,29769050,24399580,17167104,1200,9,96.79,South America
1990,Canada,994254.0,4333318.0,859217.0,6.45,27657206,0.0359491844548578,0.03106665944492,1853471.0,4.78,0.2,13946291,2312622,2403086,1812696,1269369,1192150,13710918,2381245,2415306,1839494,1272824,1060422,4693867,4818388,3652191,2542194,2252571,67,2000,95.22,North America
1995,Canada,1064305.0,4864778.0,690555.0,4.871,29289430,0.0363375115186604,0.0235769354337042,1754860.0,2.15,2.7,14793288,2071942,2580152,2185336,1447059,1202573,14496134,2129044,2608917,2176710,1433846,1118031,4200986,5189068,4362048,2880909,2320604,27,1200,97.85,North America
2000,Canada,1142641.0,5511914.0,783535.0,5.245,30683316,0.0372398146275976,0.0255361904169679,1926176.0,2.72,5.17763566824114,15490945,2036481,2452617,2467996,1809961,1234454,15192362,2112247,2491610,2451212,1791157,1165469,4148727,4944228,4919212,3601119,2399925,15,116,97.28,North America
2005,Canada,1185156.0,6078985.0,1052013.0,6.706,32215914,0.036787905505335,0.0326550722726662,2237169.0,2.21,3.20420042827129,16249078,2158005,2249004,2674286,2183472,1401973,15966834,2228053,2289250,2695478,2142980,1330164,4386057,4538258,5369762,4326449,2732136,23,116,97.79,North America
2010,Canada,1268057.0,6761226.0,1326431.0,8.001,33963416,0.0373359676188048,0.0390546993270641,2594488.0,1.78,3.08949461982786,17131340,2311860,2284529,2575737,2462491,1756645,16832076,2360140,2281546,2604705,2458309,1686566,4672001,4566072,5180446,4920798,3443212,26,116,98.22,North America
2015,Canada,1263552.0,7428657.0,1241416.0,7.076,35732120,0.0353617977326842,0.0347422990855286,2504968.0,1.13,0.659176863558869,18003224,2346790,2429981,2414019,2699269,2114917,17728896,2488185,2410072,2393722,2688066,2027508,4834972,4840053,4807738,5387339,4142426,9,2,98.87,North America
2020,Canada,1292329.0,8049323.0,1210159.0,6.562,37888704,0.034108556471079,0.0319398362108136,2502488.0,0.72,-5.23302430280606,19062166,2458140,2611453,2445253,2608406,2412265,18826544,2650830,2655061,2402835,2580251,2307532,5108969,5266511,4848086,5188655,4719796,31,1,99.28,North America
1990,Chile,493026.0,107501.0,-68650.0,-1.076,13342876,0.0369505045239122,-0.0051450676750649,424376.0,26.04,3.33356547444561,6706188,1208506,998938,696922,526920,420117,6636689,1223548,997417,691517,504628,367793,2432050,1996359,1388440,1031549,787910,169,0,73.96000000000001,South America
1995,Chile,499207.0,142417.0,3610.0,0.052,14416799,0.0346267572988983,0.0002504023257867,502817.0,8.23,8.93329586932387,7248291,1235189,1120961,843969,570322,471622,7168510,1257841,1117421,831857,551620,416717,2493032,2238380,1675828,1121941,888339,120,0,91.77,South America
2000,Chile,511997.0,177332.0,19340.0,0.26,15351803,0.0333509360431475,0.001259786879756,531337.0,3.84,4.9716214882971,7724134,1243169,1203941,987942,675084,488354,7627659,1272417,1203905,972124,650954,436913,2515589,2407847,1960068,1326040,925269,66,1,96.16,South America
2005,Chile,541745.0,276360.0,42330.0,0.537,16175315,0.033492083461744,0.002616950581797,584075.0,3.05,5.83704571917758,8146399,1272026,1238309,1112798,823395,532309,8028922,1307637,1246668,1093995,792521,484190,2579662,2484979,2206793,1615912,1016499,69,7,96.95,South America
2010,Chile,571842.0,375388.0,107169.0,1.289,17004166,0.0336295234944189,0.0063025143367807,679011.0,1.41,5.85165102224047,8566182,1350866,1258539,1200862,967310,633222,8437986,1393811,1275850,1186193,933517,580899,2744678,2534387,2387055,1900828,1214121,38,5,98.59,South America
2015,Chile,618015.0,639724.0,163730.0,1.869,17870122,0.0345837034576484,0.0091622206048733,781745.0,4.35,2.15194249981184,9004178,1427357,1308580,1245020,1092883,778335,8865950,1476231,1333534,1241228,1055258,720941,2903589,2642114,2486247,2148143,1499272,69,0,95.65,South America
2020,Chile,643800.0,1645015.0,558539.0,6.024,19300318,0.0333569633412257,0.0289393677347699,1202339.0,3.05,-5.9782240617438,9720355,1514628,1492441,1311584,1198732,925127,9579955,1554654,1525066,1321892,1168219,864062,3069282,3017506,2633481,2366952,1789193,45,1,96.95,South America
1990,Colombia,1009148.0,104277.0,-324000.0,-2.055,32601396,0.0309541346020888,-0.0099382247312354,685148.0,29.14,4.28199833053058,16319821,3156484,2315598,1419470,910916,604414,16281578,3192010,2286646,1364825,851403,535911,6348493,4602243,2784295,1762319,1140325,320,0,70.86,South America
1995,Colombia,1215967.0,106943.0,-287950.0,-1.657,35970104,0.033804934230938,-0.0080052590340022,928017.0,20.9,5.2024375925092,18063504,3239762,2777955,1794334,1084523,706531,17906608,3250980,2712348,1721292,1008791,625345,6490740,5490303,3515625,2093316,1331876,293,0,79.1,South America
2000,Colombia,1433940.0,109609.0,-259000.0,-1.362,39215136,0.0365659830938747,-0.0066045926756444,1174940.0,9.22,2.92486148314592,19745252,3379739,3075950,2250728,1355081,817676,19469888,3378977,2983177,2139945,1259170,725176,6758717,6059126,4390672,2614252,1542853,180,0,90.78,South America
2005,Colombia,1883904.0,106523.0,-231000.0,-1.123,42220944,0.0446201297630863,-0.0054712182655129,1652904.0,5.05,4.82876110795085,21300548,3658340,3162682,2709736,1724135,988952,20920384,3669619,3051658,2559042,1601464,875066,7327962,6214343,5268782,3325601,1864018,168,0,94.95,South America
2010,Colombia,2554020.0,130309.0,-195000.0,-0.888,44816104,0.0569888895295316,-0.0043511145011623,2359020.0,2.27,4.49465897070922,22648178,3909102,3297219,3003378,2168653,1250256,22167938,3947630,3191434,2831606,1998151,1107661,7856732,6488653,5834985,4166803,2357914,205,0,97.73,South America
2015,Colombia,2698688.0,159407.0,-193380.0,-0.834,47119730,0.0572729937119758,-0.0041040133294481,2505308.0,4.99,2.95590137527523,23847360,4089010,3568484,3085389,2616216,1602122,23272378,4147440,3496716,2909177,2403306,1421748,8236450,7065199,5994567,5019519,3023868,149,5,95.01,South America
2020,Colombia,3024273.0,1905393.0,1023981.0,4.162,50930656,0.0593802090434491,0.0201053958543161,4048254.0,2.53,-7.04815120786543,25791078,4433870,4033000,3312095,2943886,2040866,25139590,4487384,4002572,3163919,2725198,1804275,8921253,8035574,6476016,5669082,3845139,240,3,97.47,South America
1990,Costa Rica,69283.0,417628.0,17417.0,1.19,3158257,0.021937100115665,0.0055147506995155,86700.0,19.04,3.55306336572285,1566509,284415,225923,147377,100132,67296,1591761,288142,226675,148391,98602,64569,572558,452599,295769,198731,131863,1,0,80.96000000000001,Central America
1995,Costa Rica,84980.0,364287.0,69202.0,4.153,3572855,0.0237849003108158,0.0193688240916577,154182.0,23.19,4.15395304305277,1772779,294528,274217,186228,118929,81278,1800083,297793,275613,186315,118441,77487,592323,549829,372542,237372,158761,7,0,76.81,Central America
2000,Costa Rica,105227.0,310946.0,89527.0,4.77,3979189,0.0264443332548416,0.0224988056611535,194754.0,10.96,3.86871808818643,1976587,323703,304923,233331,148073,95914,2002612,329690,305284,232149,147771,92350,653393,610207,465478,295845,188266,4,2,89.03999999999999,Central America
2005,Costa Rica,117618.0,358398.0,41792.0,2.027,4315894,0.0272522911823135,0.0096832776708603,159410.0,13.8,3.97666636792908,2145826,366987,313576,280848,185884,114162,2170069,378018,313218,279526,183410,111008,745004,626795,560378,369292,225170,6,27,86.2,Central America
2010,Costa Rica,132317.0,405779.0,30339.0,1.369,4622250,0.0286261020065985,0.0065636865163069,162656.0,5.66,5.36034347985841,2301235,404000,334046,307279,230228,141595,2321032,419378,336776,304320,224872,137281,823381,670821,611593,455100,278875,1,19,94.34,Central America
2015,Costa Rica,138237.0,411697.0,19658.0,0.834,4895241,0.0282390591188462,0.0040157369167319,157895.0,0.8,3.65208096802883,2440177,414069,373387,314185,276089,176950,2455079,431145,381362,310343,269533,168236,845215,754747,624526,545622,345186,4,4,99.2,Central America
2020,Costa Rica,150241.0,520729.0,21000.0,0.845,5123107,0.0293261491512865,0.0040990750339588,171241.0,0.72,-4.05090817067276,2558491,402907,408768,334001,301904,218598,2564627,419235,421193,333371,293072,204513,822139,829963,667370,594977,423106,38,0,99.28,Central America
1990,Ecuador,214008.0,78663.0,-16998.0,-0.352,10449845,0.0204795382132462,-0.0016266269978167,197010.0,48.52,3.67991405278418,5210781,926435,669932,442297,288452,193062,5239056,939953,670717,439398,281266,177767,1866386,1340649,881697,569716,370832,356,0,51.48,South America
1995,Ecuador,326230.0,115093.0,-19000.0,-0.35,11561683,0.0282164802477286,-0.0016433593621274,307230.0,22.89,2.25254877423716,5768801,1012903,763842,537339,338518,223217,5792885,1029681,763318,528116,329185,205693,2042580,1527162,1065454,667703,428911,276,2,77.11,South America
2000,Ecuador,446380.0,151523.0,-69999.0,-1.16,12626511,0.0353526005719236,-0.0055438117465703,376381.0,96.09,1.0918015643576,6303128,1087528,853008,626698,411094,257172,6323384,1108117,851410,613227,395345,237760,2195644,1704415,1239928,806443,494932,88,2,3.9099999999999966,South America
2005,Ecuador,986599.0,189893.0,-120002.0,-1.811,13770015,0.07164836058639,-0.0087147327000006,866597.0,2.41,5.29130826699402,6876519,1195007,941771,720017,504048,305884,6893500,1219876,941805,703588,480977,283723,2414884,1883576,1423604,985023,589607,30,2,97.59,South America
2010,Ecuador,1152897.0,375253.0,-44999.0,-0.624,14989581,0.0769132239253385,-0.003002018535408,1107898.0,3.55,3.52529866894027,7490734,1314222,1044660,822449,597744,376501,7498851,1344093,1045471,805009,570169,347558,2658316,2090127,1627457,1167911,724063,37,2,96.45,South America
2015,Ecuador,1130774.0,387513.0,-38001.0,-0.487,16195904,0.0698185170769103,-0.0023463339866672,1092773.0,3.97,0.0988726083462694,8095678,1406637,1171179,921026,693750,466308,8100236,1442568,1174229,906005,663924,429647,2849204,2345404,1827028,1357674,895953,27,7,96.03,South America
2020,Ecuador,1127891.0,784787.0,182000.0,2.15,17588596,0.0641262668151568,0.0103476138743535,1309891.0,-0.34,-7.78760709093422,8798447,1529588,1340858,1044858,802758,557842,8790148,1567548,1350498,1032657,772900,514487,3097139,2691356,2077516,1575662,1072330,9,4,100.34,South America
1990,El Salvador,1241849.0,47360.0,-256685.0,-10.059,5367182,0.2313782167252759,-0.0478249107259638,985164.0,24.0,4.83290057793786,2762440,486110,337655,225295,149701,93116,2604753,462576,287623,183738,126431,74132,948685,625281,409034,276129,167250,90,0,76.0,Central America
1995,El Salvador,933103.0,39537.0,-265152.0,-9.732,5748201,0.1623295705908683,-0.0461278232963669,667951.0,10.03,4.73408140229732,2968103,512461,375025,260415,172353,112955,2780095,489778,325383,207105,139572,90664,1002239,700411,467522,311928,203618,79,2,89.97,Central America
2000,El Salvador,949042.0,31713.0,-326853.0,-11.352,5958482,0.1592758021254406,-0.0548550788606896,622189.0,2.27,1.12790697674419,3088683,543819,408517,289442,199300,133141,2869810,505613,354945,234578,159674,107539,1049436,763462,524020,358972,240677,29,0,97.73,Central America
2005,El Salvador,1118793.0,36029.0,-312786.0,-10.479,6037817,0.1852976001094435,-0.0518044849653442,806007.0,4.69,2.70546347259486,3144481,543095,430184,314145,222844,152329,2893343,484264,360984,251224,180004,122695,1027362,791166,565372,402848,275023,43,2,95.31,Central America
2010,El Salvador,1337085.0,40342.0,-285671.0,-9.339,6114039,0.218690950450267,-0.0467237778496342,1051414.0,1.18,2.10788757932909,3191368,530021,449587,346754,248363,171000,2922674,486174,363570,269172,192280,135273,1016195,813157,615927,440643,306274,56,2,98.82,Central America
2015,El Salvador,1512895.0,42059.0,-240415.0,-7.688,6231072,0.2427985104328757,-0.0385832485967101,1272480.0,-0.73,2.40000000000001,3254995,570777,449958,378910,280304,194108,2976078,566465,363804,288994,206864,146094,1137243,813761,667905,487169,340200,244,0,100.73,Central America
2020,El Salvador,1599058.0,42767.0,-202694.0,-6.329,6292734,0.2541118057747237,-0.0322108005836572,1396364.0,-0.37,-8.17721743762763,3295298,614293,447084,403867,316872,219458,2997431,634978,386754,298685,226668,155249,1249274,833839,702550,543538,374706,158,4,100.37,Central America
1990,Guatemala,348189.0,264257.0,-299909.0,-6.854,9084779,0.0383266340325945,-0.0330122504906283,48280.0,41.22,3.10256317557587,4547583,737722,505976,314928,210395,158765,4537206,696158,490910,319277,217500,149289,1433881,996885,634206,427896,308053,28,0,58.78,Central America
1995,Guatemala,461891.0,156188.0,-367469.0,-7.472,10363096,0.0445707537593012,-0.0354593839524404,94422.0,8.41,4.94854750210382,5204034,847195,586610,387354,227755,179366,5159071,807808,542915,377415,236576,166245,1655005,1129522,764766,464333,345612,25,2,91.59,Central America
2000,Guatemala,582796.0,48119.0,-402326.0,-7.295,11735893,0.0496592802950742,-0.034281669064297,180470.0,5.98,3.6088687174876,5903051,986902,659788,461105,282448,181819,5832849,966328,596069,428038,271756,178996,1953229,1255853,889141,554204,360814,17,2,94.02,Central America
2005,Guatemala,736715.0,57214.0,-281050.0,-4.543,13132818,0.0560972519378552,-0.0214005859214678,455665.0,9.11,3.27602692588886,6614607,1143051,751563,530116,350122,199728,6518218,1148599,689655,462901,321482,196671,2291650,1441216,993017,671605,396402,10,0,90.89,Central America
2010,Guatemala,924898.0,66386.0,-114231.0,-1.648,14543126,0.0635969185717018,-0.0078546386794696,810667.0,3.86,2.88417542800377,7334204,1316933,892142,603618,421685,248064,7208917,1336964,845485,517019,370979,226226,2653897,1737628,1120640,792664,474291,8,5,96.14,Central America
2015,Guatemala,1118115.0,74852.0,-50131.0,-0.649,16001105,0.0698773615947148,-0.0031329711291813,1067984.0,2.39,4.09217081621244,8074919,1502039,1063869,703920,490816,310075,7926193,1525884,1040179,618640,407671,271855,3027921,2104046,1322561,898490,581922,39,73,97.61,Central America
2020,Guatemala,1368431.0,84311.0,-46073.0,-0.539,17362716,0.0788143398763188,-0.002653559500714,1322358.0,3.21,-1.76408292563957,8764441,1655953,1235651,842236,562037,374064,8598288,1680624,1229468,771404,459696,314636,3336576,2465121,1613641,1021730,688700,10,57,96.79,Central America
1990,Guyana,233318.0,4095.0,-102648.0,-27.124,747124,0.3122881877707047,-0.1373908481055353,130670.0,11.15,-3.06748466406728,377436,74626,51060,30656,19271,13620,369703,71593,49796,30241,18817,12750,146220,100854,60894,38088,26371,3,0,88.85,South America
1995,Guyana,295292.0,6352.0,-57867.0,-15.384,751702,0.392831201726216,-0.0769813037613309,237425.0,12.21,5.03144655812085,378577,71919,55106,34710,19751,12796,373138,68865,54233,34691,19390,12081,140783,109336,69401,39142,24877,2,0,87.78999999999999,South America
2000,Guyana,362157.0,8610.0,-86647.0,-22.983,759059,0.4771131097846149,-0.1141505469271822,275510.0,6.15,-1.36380390261873,380564,67304,56457,39111,22085,13219,378502,65479,55764,39198,21960,12180,132779,112221,78309,44047,25398,2,0,93.85,South America
2005,Guyana,392555.0,10868.0,-63249.0,-16.947,759713,0.5167148646923246,-0.0832538076879031,329306.0,6.93,-1.95095759501714,380663,61992,55610,43211,26042,14045,379062,60864,54507,43393,25815,12974,122855,110115,86603,51857,27017,1,12,93.07,South America
2010,Guyana,439233.0,8182.0,-50078.0,-13.394,747937,0.5872593547317488,-0.0669548371052642,389155.0,3.73,4.13844160137342,375952,59713,53512,44838,30664,16484,371999,58284,51706,44267,29888,15349,117996,105219,89103,60553,31831,5,0,96.27,South America
2015,Guyana,481258.0,8661.0,-34999.0,-9.229,755043,0.6373915128012577,-0.0463536513814445,446259.0,-1.0,0.687521210092171,383411,66230,50991,46293,35494,20418,371636,63023,47269,43777,33944,18335,129254,98265,90068,69438,38753,2,3,101.0,South America
2020,Guyana,438413.0,31169.0,-30001.0,-7.722,797207,0.5499362148099552,-0.0376326349367228,408412.0,0.99,43.4795559399402,407314,74260,53131,48448,39817,25406,389911,72455,47967,44053,36708,22094,146712,101098,92499,76524,47501,3,1,99.01,South America
1990,Haiti,524711.0,19084.0,-135001.0,-4.037,6925335,0.0757668762594156,-0.0194937862211719,389710.0,21.28,1.03812280198248,3500955,564939,407755,280939,209024,138890,3424383,565271,401240,276893,193240,109669,1130209,808997,557831,402263,248558,5,0,78.72,Caribbean
1995,Haiti,661354.0,18129.0,-140001.0,-3.788,7627320,0.0867085686715648,-0.0183552020893315,521353.0,27.61,9.89770748815705,3846577,612470,451907,313563,228442,147647,3780749,615749,449368,304119,216520,121879,1228220,901275,617681,444960,269526,1,0,72.39,Caribbean
2000,Haiti,802218.0,17222.0,-144998.0,-3.578,8360224,0.0959565198253061,-0.0173437936591172,657220.0,9.33,0.870059259424892,4210033,692782,495157,361289,244601,165803,4150205,698482,494953,350267,231937,142958,1391264,990108,711554,476541,308759,8,2,90.67,Caribbean
2005,Haiti,967894.0,16360.0,-139999.0,-3.171,9111901,0.1062230592716053,-0.0153644118828771,827895.0,13.97,3.07217337664731,4585534,807496,544998,406327,277080,184336,4526367,812598,546095,397787,258419,162256,1620093,1091094,804114,535500,346591,485,0,86.03,Caribbean
2010,Haiti,1123190.0,17182.0,-138004.0,-2.883,9842883,0.1141118918105599,-0.0140206888571163,985186.0,4.83,-5.65151153448299,4952142,921985,624629,449230,321892,199220,4890740,924751,626164,441343,299761,174323,1846734,1250794,890573,621655,373545,243,0,95.17,Caribbean
2015,Haiti,1467042.0,18047.0,-150000.0,-2.906,10563762,0.1388749576145316,-0.0141994868873418,1317042.0,6.73,2.5625088349003,5317598,998048,734161,496960,363932,228139,5246166,999313,733094,488609,341655,195431,1997360,1467255,985571,705590,423570,78,2,93.27,Caribbean
2020,Haiti,1769671.0,18884.0,-175000.0,-3.168,11306804,0.1565138123911938,-0.0154774063475408,1594671.0,22.8,-3.34337261175989,5701413,1035846,846492,575901,407064,269724,5605398,1035728,839451,564900,382367,229672,2071576,1685942,1140801,789434,499393,7,0,77.2,Caribbean
1990,Honduras,156379.0,270423.0,-73998.0,-3.205,5053235,0.0309463145885754,-0.0146436886469756,82381.0,23.32,2.7917489495977,2500703,405079,272573,159594,109795,76641,2552546,393711,283536,175973,113042,70154,798788,556112,335563,222840,146792,95,3,76.68,Central America
1995,Honduras,246575.0,149442.0,-77999.0,-2.926,5812836,0.0424190532813931,-0.0134184071251967,168576.0,29.46,6.18930455759235,2876836,483280,318712,205823,119713,84985,2936001,477888,315161,221924,126834,78264,961172,633875,427748,246548,163249,113,0,70.53999999999999,Central America
2000,Honduras,342103.0,28461.0,-64998.0,-2.117,6656727,0.0513920730112561,-0.0097642580204956,277105.0,11.05,7.29128815869618,3292272,586102,375144,253284,145515,93398,3364471,597454,362462,261585,156553,88928,1183555,737604,514868,302070,182324,113,0,88.95,Central America
2005,Honduras,448882.0,27934.0,-41999.0,-1.197,7564615,0.0593397020205258,-0.0055520340427106,406883.0,8.81,6.05059922215973,3739574,689433,457917,301159,191348,103803,3825047,713482,450928,295690,201866,102358,1402913,908847,596847,393213,206159,107,0,91.19,Central America
2010,Honduras,587503.0,27288.0,-25000.0,-0.634,8450936,0.0695192816511685,-0.0029582521983363,562503.0,4.7,3.73114034433009,4176203,775192,566384,360129,238446,128907,4274727,803750,575278,345633,241058,129658,1578944,1141665,705762,479505,258568,103,1,95.3,Central America
2015,Honduras,729855.0,38330.0,-30000.0,-0.688,9294510,0.0785253875674995,-0.0032277118427975,699855.0,3.16,3.84007997093951,4595222,861194,672110,443514,285507,171164,4699295,892457,692751,433880,274164,168508,1753650,1364860,877394,559669,339674,402,0,96.84,Central America
2020,Honduras,985077.0,39195.0,-34000.0,-0.715,10121762,0.0973226795887909,-0.0033590989394929,951077.0,3.47,-8.96476018404584,5008785,952678,757560,550768,342629,214405,5112978,989496,781671,555175,321079,201341,1942176,1539232,1105942,663708,415744,1900,16,96.53,Central America
1990,Jamaica,588450.0,20475.0,-146934.0,-12.359,2392035,0.2460039255278455,-0.0614263587280286,441516.0,21.96,4.2005351147029,1217464,227736,150965,91219,63657,57185,1174573,216832,140666,92849,63006,45618,444566,291633,184070,126665,102803,8,0,78.03999999999999,Caribbean
1995,Jamaica,718362.0,22713.0,-110068.0,-8.888,2509369,0.2862719671758119,-0.0438628196969038,608294.0,19.91,2.34995704147829,1271275,229285,179226,104644,70160,54123,1238101,223607,166037,100063,72253,48833,452888,345263,204705,142414,102958,8,0,80.09,Caribbean
2000,Jamaica,857865.0,24952.0,-93279.0,-7.191,2612203,0.3284067126482896,-0.0357089399254192,764586.0,8.17,0.87870354796236,1318807,226805,195033,133421,80606,53561,1293414,228425,182682,122317,80539,50748,455230,377714,255735,161141,104306,18,0,91.83,Caribbean
2005,Jamaica,905170.0,24284.0,-92045.0,-6.825,2676868,0.338145175630625,-0.0343853339051458,813125.0,15.05,0.893797935945003,1350299,239434,198246,161850,93816,59642,1326577,245535,191185,146150,86279,57502,484969,389430,307997,180095,117144,17,0,84.95,Caribbean
2010,Jamaica,989790.0,23677.0,-87319.0,-6.293,2733904,0.3620427052303226,-0.0319393073055966,902471.0,12.61,-1.45714720947502,1378390,256263,197305,178124,121700,69114,1355511,264225,197335,162833,107167,63908,520489,394643,340960,228868,133019,3,0,87.39,Caribbean
2015,Jamaica,1031596.0,23165.0,-56658.0,-3.975,2794455,0.3691582079511031,-0.0202751520421692,974938.0,3.69,0.92148712538031,1406820,265716,214561,183504,149802,81729,1387633,274987,219421,174298,131565,70829,540703,433980,357800,281370,152559,8,0,96.31,Caribbean
2020,Jamaica,1118931.0,23629.0,-56658.0,-3.873,2820438,0.3967224239639375,-0.0200883692532861,1062273.0,5.23,-10.0,1420769,258231,236754,185182,165931,106683,1399672,267424,243074,182873,147847,88826,525656,479828,368053,313779,195510,15,2,94.77,Caribbean
1990,Mexico,4395355.0,695674.0,-1835537.0,-4.591,81720424,0.0537852691513201,-0.0224611781260459,2559818.0,26.65,5.17576838681073,41509564,7535873,5189420,3312686,2278698,1441692,40210860,6981585,4805374,3131217,2134496,1330725,14517457,9994794,6443901,4413194,2772417,56,17,73.35,Central America
1995,Mexico,6949276.0,458549.0,-2018533.0,-4.598,89969570,0.0772402935792624,-0.0224357302141157,4930743.0,35.0,-6.29123082110117,45831230,8576501,6216208,4070145,2652440,1733683,44138336,8019580,5691239,3798992,2459859,1579108,16596081,11907446,7869138,5112300,3312790,45,25,65.0,Central America
2000,Mexico,9562878.0,538051.0,-2296470.0,-4.82,97873450,0.0977065588267298,-0.0234636666021275,7266408.0,9.49,4.94245371467422,49973390,9215277,7204516,5000293,3118104,2077029,47900060,8504721,6566740,4612214,2884092,1867056,17719996,13771259,9612509,6002194,3944082,13,7,90.51,Central America
2005,Mexico,10817810.0,712648.0,-2206114.0,-4.307,105442400,0.1025944970903545,-0.0209224562415119,8611696.0,3.99,2.30780706591736,53823104,9560961,8034402,5964584,3821735,2407629,51619296,8886992,7371186,5470820,3521592,2165864,18447952,15405587,11435403,7343327,4573495,16,5,96.01,Central America
2010,Mexico,12415222.0,969710.0,-562404.0,-1.022,112532400,0.1103257550714283,-0.0049977073269565,11852818.0,4.16,5.11811814321163,57445988,9856462,8681865,6862069,4702067,2831918,55086410,9372009,7948753,6301177,4283556,2544882,19228472,16630622,13163247,8985622,5376800,18,1,95.84,Central America
2015,Mexico,11923234.0,1013691.0,-422477.0,-0.716,120149896,0.0992363239332308,-0.0035162494023299,11500757.0,2.72,3.29315152833387,61325116,10336876,9200540,7802233,5702556,3537972,58824772,10030711,8493832,7168384,5141745,3168335,20367588,17694376,14970619,10844299,6706310,30,517,97.28,Central America
2020,Mexico,11185737.0,1197624.0,-300000.0,-0.478,125998296,0.0887768910779555,-0.0023809845809343,10885737.0,3.4,-7.98791234014749,64410852,10500972,9626057,8525725,6652012,4410859,61587452,10272857,9001309,7847509,5972778,3860154,20773830,18627366,16373234,12624790,8271013,55,2200,96.6,Central America
1990,Nicaragua,441488.0,41421.0,-150030.0,-7.589,4227824,0.104424403664864,-0.0354863400179383,291458.0,7485.49,-0.0524997212687737,2140166,355819,231741,137207,94904,67421,2087663,347557,217547,132263,86919,50177,703378,449287,269470,181821,117596,25,0,-7385.49,Central America
1995,Nicaragua,437711.0,26619.0,-120040.0,-5.441,4721932,0.0926974382519697,-0.0254217976878955,317671.0,10.94,5.91190795714505,2389086,422621,264804,171743,103747,73635,2332856,420448,249011,158871,96780,57532,843072,513815,330612,200524,131165,35,4,89.06,Central America
2000,Nicaragua,501517.0,30389.0,-145020.0,-5.967,5123223,0.0978909174947098,-0.0283064000922856,356497.0,7.07,4.10159023598223,2594748,481540,307710,206461,123799,82798,2528473,474297,296105,189840,114670,71686,955840,603815,396302,238468,154485,37,0,92.93,Central America
2005,Nicaragua,555532.0,34919.0,-174010.0,-6.624,5454680,0.1018450211561448,-0.0319010464408544,381522.0,9.6,4.28239836333562,2767182,521530,359075,238284,156710,93474,2687501,500416,351998,221390,141009,84176,1021946,711073,459674,297718,177651,48,1,90.4,Central America
2010,Nicaragua,610211.0,37345.0,-155010.0,-5.505,5855736,0.1042073959618398,-0.0264714802716515,455201.0,5.46,4.40964549908733,2970656,567115,414793,278764,187238,108671,2885080,546698,399972,261782,165721,93982,1113812,814764,540548,352959,202658,51,0,94.54,Central America
2015,Nicaragua,655577.0,40261.0,-135020.0,-4.483,6298610,0.1040828055713879,-0.0214364756668534,520557.0,4.0,4.79205676554646,3194992,610096,469889,330309,219155,137155,3103615,604542,441259,313710,194092,114329,1214637,911148,644022,413246,251485,22,0,96.0,Central America
2020,Nicaragua,718154.0,42167.0,-106360.0,-3.311,6755900,0.1063002708743468,-0.0157432762474281,611794.0,3.68,-1.7899754441716,3426554,631111,524059,389754,260443,167253,3329347,637873,496062,364440,234062,138568,1268985,1020120,754195,494505,305820,24,6,96.32,Central America
1990,Panama,134392.0,62744.0,-9395.0,-0.801,2449966,0.054854638799069,-0.0038347470944494,124997.0,0.77,8.09899300573198,1215412,227745,160351,107638,71704,46450,1234561,231611,161848,108576,72074,45265,459358,322200,216214,143777,91714,3,1,99.23,Central America
1995,Panama,132978.0,70848.0,1954.0,0.15,2716071,0.0489596921435411,0.0007194215467857,134932.0,0.99,1.7516787571155,1349969,250880,193221,130106,86269,54704,1366108,255355,193684,130065,85868,52689,506233,386904,260174,172135,107391,3,1,99.01,Central America
2000,Panama,136929.0,83410.0,9797.0,0.679,3001738,0.0456165727988252,0.0032637758525227,146726.0,1.5,2.71537415482821,1493627,265103,226704,157987,103949,66173,1508123,270900,226548,156854,102243,63161,535999,453253,314838,206193,129331,1,5,98.5,Central America
2005,Panama,131417.0,109461.0,16119.0,1.014,3305875,0.039752561727228,0.004875864937422,147536.0,2.86,7.19127940233535,1646286,281630,252101,191681,126591,80444,1659594,289264,252807,189179,123674,76292,570896,504909,380859,250266,156736,4,9,97.14,Central America
2010,Panama,139844.0,157788.0,22244.0,1.276,3623622,0.0385923255792132,0.0061386093803382,162088.0,3.49,5.82799349428571,1806800,301914,268407,225891,154423,97623,1816822,310197,270490,222513,150287,91612,612111,538897,448403,304709,189236,5,9,96.51,Central America
2015,Panama,150210.0,184710.0,28105.0,1.477,3957102,0.0379595977055936,0.0071024199022415,178315.0,0.14,5.7330542960121,1975222,316910,286897,252107,187690,119341,1981885,324538,290111,249467,181660,111697,641447,577009,501569,369354,231036,2,7,99.86,Central America
2020,Panama,139520.0,313165.0,56000.0,2.704,4294391,0.0324888907414345,0.0130402657792455,195520.0,-1.55,-17.9448935972493,2145533,333514,311046,270055,221887,145872,2148874,341443,314403,269055,214492,136401,674957,625446,539110,436377,282273,3,20,101.55,Central America
1990,Paraguay,297742.0,195884.0,-17340.0,-0.878,4059198,0.0733499573068374,-0.004271779794925,280402.0,37.26,4.12328287941739,2006582,353941,239236,156138,102370,77682,2052627,353213,242490,167188,107114,73501,707154,481727,323324,209482,151181,49,4,62.74,South America
1995,Paraguay,335845.0,186570.0,-31180.0,-1.386,4603924,0.0729475551725006,-0.0067724836465588,304665.0,13.43,6.82281030358578,2275738,380453,292184,186195,120367,85541,2328191,389763,286746,195379,129501,79570,770216,578930,381575,249863,165111,75,0,86.57,South America
2000,Paraguay,374675.0,176608.0,-44090.0,-1.746,5123817,0.073124196277892,-0.0086049130950617,330585.0,8.98,-2.31414056819045,2534817,413111,335627,226348,144621,89799,2589012,426778,331812,227100,151654,89074,839888,667437,453446,296277,178872,57,0,91.02,South America
2005,Paraguay,545698.0,168243.0,-47150.0,-1.692,5476881,0.0996366362533712,-0.0086089144533175,498548.0,6.81,2.13349066459601,2714517,464488,348151,270704,169919,105407,2762374,478717,353057,261295,173083,106394,943204,701204,531994,343001,211803,92,1,93.19,South America
2010,Paraguay,765811.0,160299.0,-117900.0,-3.907,5768618,0.1327546736497372,-0.0204381708062485,647911.0,4.65,11.0952312685521,2864218,524597,367205,305191,203106,124623,2904398,539399,375373,296793,196777,122818,1063994,742579,601985,399883,247442,69,1,95.35,South America
2015,Paraguay,845591.0,156462.0,-87130.0,-2.694,6177954,0.1368723366991725,-0.014103374677118,758461.0,3.13,2.95715173487106,3071246,574053,427841,324319,247897,148164,3106704,591126,435664,324603,231473,141967,1165181,863505,648924,479370,290133,19,0,96.87,South America
2020,Paraguay,896484.0,169567.0,-82780.0,-2.396,6618700,0.1354471421880429,-0.0125069877770559,813704.0,1.77,-0.819785390971916,3294713,592993,502421,350751,286161,181127,3323986,612627,511260,353965,269755,164231,1205619,1013679,704717,555918,345360,76,0,98.23,South America
1990,Peru,313209.0,56688.0,-280600.0,-2.682,22109102,0.0141665183868616,-0.0126916054754281,32609.0,7481.66,-4.98256353646605,11080627,1941765,1416536,935304,635970,389747,11028480,1930076,1358115,900980,622442,367490,3871838,2774651,1836283,1258412,757238,183,2,-7381.66,South America
1995,Peru,505474.0,56732.0,-354600.0,-3.059,24449060,0.0206745780819385,-0.0145036250882447,150874.0,11.13,7.41139504735119,12259703,2188588,1616172,1132278,730564,468927,12189351,2197509,1563943,1073309,699616,439957,4386099,3180115,2205588,1430180,908887,207,3,88.87,South America
2000,Peru,694144.0,66300.0,-255800.0,-2.016,26654440,0.0260423404130793,-0.0095969001787319,438344.0,3.76,2.69437139806912,13364080,2420753,1823021,1329261,864441,561742,13290371,2442201,1795546,1262642,815053,527925,4862954,3618567,2591902,1679492,1089668,48,1,96.24,South America
2005,Peru,969002.0,77877.0,-909782.0,-6.699,28147260,0.0344261572884891,-0.0323222224827567,59220.0,1.62,6.28506032509601,14089682,2513148,1980319,1472868,1028785,646014,14057581,2528472,1992949,1437091,976173,618455,5041621,3973269,2909960,2004959,1264468,63,0,98.38,South America
2010,Peru,1299095.0,104706.0,-1202758.0,-8.456,29229576,0.0444445379570336,-0.0411486639423028,96337.0,1.53,8.33245910749577,14684088,2557922,2095433,1603610,1197708,777501,14545484,2507034,2102053,1605155,1143789,740244,5064962,4197487,3208765,2341499,1517746,66,3,98.47,South America
2015,Peru,1410199.0,154774.0,-624809.0,-4.201,30711864,0.0459170762152372,-0.0203442226756409,785390.0,3.4,3.25224477218451,15496197,2622077,2249974,1809840,1364404,951179,15215664,2508187,2194653,1818920,1312303,886702,5130261,4444629,3628760,2676708,1837880,108,7,96.6,South America
2020,Peru,1519635.0,1224519.0,495345.0,3.123,33304768,0.04562815150071,0.0148730956480465,2014980.0,2.0,-10.9526989325015,16805322,2792184,2542588,2063523,1545668,1119636,16499432,2704199,2437966,2043231,1518076,1031539,5496387,4980555,4106759,3063742,2151177,62,11,98.0,South America
1990,United States,1726213.0,23251026.0,3366853.0,2.734,248083730,0.0069581870604734,0.0135714381592053,5093066.0,5.4,1.88596495668033,126632290,20029392,21157344,15547117,11249607,11012383,121451450,20370768,20954068,14856892,11077886,9783829,40400160,42111410,30404008,22327488,20796212,32,0,94.6,North America
1995,United States,1827431.0,28451053.0,4463754.0,3.452,265660560,0.0068788193475162,0.0168024715448917,6291185.0,2.81,2.68421727207786,135251250,19008198,22440052,19001668,12777888,10650678,130409304,19464990,22351500,18343508,12129011,10074879,38473190,44791550,37345176,24906898,20725560,41,0,97.19,North America
2000,United States,1979327.0,34814053.0,8859954.0,6.48,282398560,0.0070089840401452,0.0313739347679393,10839281.0,3.38,4.07715947941618,143371600,19143548,21793668,21753900,15644131,10792871,139026940,19793258,21750632,21313264,14657363,10062636,38936810,43544296,43067164,30301492,20855506,22,0,96.62,North America
2005,United States,2296999.0,39258293.0,5334893.0,3.7,296842660,0.007738102737659,0.0179721236833007,7631892.0,3.39,3.48322032025258,150619170,20073732,20680232,22880758,19130298,12242687,146223490,20701184,20673440,22315980,18082660,11103246,40774916,41353670,45196736,37212956,23345934,37,0,96.61,North America
2010,United States,2670652.0,44183643.0,5428756.0,3.595,311182850,0.0085822595943189,0.0174455501002063,8099408.0,1.64,2.70885669419681,157909980,21179066,20456948,22253482,21760082,15052931,153272880,21822686,20389146,21730162,20753084,13511440,43001750,40846092,43983650,42513170,28564366,45,2,98.36,North America
2015,United States,2717761.0,48178877.0,4961716.0,3.151,324607780,0.0083724456635019,0.0152852651898854,7679477.0,0.12,2.70636958176399,164114370,22220204,21200366,21129104,22652856,18216040,160493390,23063276,21457960,20998432,21843058,16600491,45283476,42658324,42127540,44495910,34816530,71,9,99.88,North America
2020,United States,2996223.0,50632836.0,4774029.0,2.929,335942000,0.0089188699239749,0.0142108727101702,7770252.0,1.23,-2.76780251140578,169437600,22166892,22536832,20932312,21980208,20504290,166504400,22946608,23044512,20992484,21509260,19077296,45113500,45581348,41924790,43489470,39581588,189,5,98.77,North America
1990,Uruguay,237486.0,98116.0,-30000.0,-1.96,3117011,0.0761902989755249,-0.0096246051104728,207486.0,112.53,0.297348378681562,1595957,231532,206077,177531,168493,146137,1521066,235551,201309,171971,157766,123282,467083,407389,349502,326258,269416,42,0,-12.530000000000001,South America
1995,Uruguay,233993.0,93428.0,-20000.0,-1.263,3208305,0.0729335272051753,-0.0062338212856944,213993.0,42.25,-1.44759896894408,1648286,236748,220013,185101,165798,153154,1560023,243732,216220,177575,154252,128388,480482,436234,362679,320047,281541,33,0,57.75,South America
2000,Uruguay,235641.0,88874.0,-26000.0,-1.589,3292227,0.0715749551899064,-0.0078973898215402,209641.0,4.76,-1.92993063772035,1697294,250708,222655,198413,167472,152989,1594945,255558,221313,189954,154339,128153,506268,443967,388366,321812,281138,25,5,95.24,South America
2005,Uruguay,298986.0,82317.0,-104000.0,-6.264,3317666,0.0901193791056724,-0.0313473387616475,194986.0,4.7,7.46013213775913,1718045,243138,223055,208802,173929,150769,1599630,243964,222047,200385,159477,126204,487102,445106,409186,333403,276969,22,7,95.3,South America
2010,Uruguay,338438.0,76303.0,-50000.0,-2.994,3352653,0.1009463251938092,-0.0149135624832036,288438.0,6.7,7.80340966564692,1735591,234914,231083,211156,186632,152821,1617053,241400,229301,204915,171974,128082,476316,460386,416070,358607,280904,8,1,93.3,South America
2015,Uruguay,353225.0,78799.0,-30000.0,-1.772,3402820,0.1038036099470439,-0.0088162171375506,323225.0,8.67,0.370741265001499,1759192,244923,227658,213433,199568,160667,1643635,253994,226582,209736,186115,135832,498920,454237,423171,385681,296497,6,3,91.33,South America
2020,Uruguay,367060.0,108267.0,-15000.0,-0.871,3429087,0.1070430700650056,-0.0043743422082904,352060.0,9.76,-6.12147627999001,1768922,250660,225909,224335,203404,172882,1660162,259219,230069,220126,192474,148468,509880,455978,444460,395883,321350,41,15,90.24,South America
1990,Venezuela,185492.0,1025009.0,920.0,0.01,19750580,0.0093917241924034,4.658091053528555e-05,186412.0,40.66,6.5,9850108,1768198,1334953,844775,578185,377774,9900481,1784271,1320867,820934,545023,350426,3552464,2655821,1665708,1123210,728201,45,0,59.34,South America
1995,Venezuela,241864.0,1019996.0,-2270.0,-0.022,22107288,0.0109404645201166,-0.0001026810706044,239594.0,59.92,4.0,11023147,1936201,1565491,1051967,675089,450751,11084148,1954763,1551518,1023958,641331,410189,3890963,3117009,2075924,1316421,860943,34,0,40.08,South America
2000,Venezuela,317753.0,1013738.0,-4540.0,-0.039,24427732,0.0130078797327561,-0.0001858543396497,313213.0,16.2,3.7,12185779,2130889,1746544,1308252,813817,526894,12241956,2155665,1729320,1273572,775566,477521,4286550,3475863,2581826,1589383,1004415,40,0,83.8,South America
2005,Venezuela,437087.0,1076474.0,-22740.0,-0.18,26668790,0.0163894574894474,-0.0008526821051873,414347.0,15.95,10.3,13329256,2330427,1910202,1533247,1012201,620098,13339532,2356096,1886584,1490131,956317,560412,4686523,3796786,3023378,1968517,1180512,57,0,84.05,South America
2010,Venezuela,560528.0,1347347.0,-200220.0,-1.46,28715026,0.0195203723653253,-0.0069726560581905,360308.0,28.19,-1.5,14393136,2485083,2079401,1701580,1255737,748298,14321893,2519434,2049331,1645869,1175493,667958,5004519,4128728,3347448,2431234,1416257,48,1,71.81,South America
2015,Venezuela,709140.0,1404448.0,-431040.0,-2.946,30529722,0.0232278564475628,-0.0141187004585236,278100.0,121.74,-15.7,15341132,2569664,2237328,1844966,1465510,926403,15188597,2633967,2200664,1776072,1366552,807819,5203631,4437990,3621038,2832063,1734223,62,15,-21.739999999999995,South America
2020,Venezuela,5415337.0,1324193.0,-3266243.0,-22.327,28490458,0.1900754631603325,-0.1146434009590158,2149094.0,2959.8,-19.7,14376694,1949149,1935254,1815767,1547432,1112036,14113768,2076155,1897047,1714696,1414899,938273,4025304,3832298,3530465,2962333,2050311,63,1,-2859.8,South America
